period,DJI.Index,SPX.Index,CCMP.Index,VIX.Index,SKEW.Index,SX5E.Index,UKX.Index,NKY.Index,TY1.Comdty,JB1.Comdty,RX1.Comdty,US2s10s_swap,BASPCAAA.Index,USGG5Y5Y.Index,USSP10.Curncy,USSN0110.Curncy,CL1.Comdty,XAU.Curncy,HG1.Comdty,NG1.Comdty,KC1.Comdty,C_1.Comdty,AUD.Curncy,CAD.Curncy,CHF.Curncy,CNY.Curncy,EUR.Curncy,GBP.Curncy,JPY.Curncy
2003/01/01,8053.81,855.7,1320.91,31.17,109.2,2248.17,3567.4,8339.94,114.140625,142.79,114.9,2.419,206.78,2.2784,44.5,130.0802574,33.51,368.15,79.45,5.605,65.3,238.25,0.5871,1.5195,1.3639,8.2769,1.0768,1.6463,119.87
2003/02/01,7891.08,841.15,1337.52,29.63,109.58,2140.73,3655.6,8363.04,116.71875,143.2,116.67,2.332,208.97,2.2122,42,127.8375889,36.6,349.95,77.5,8.101,56.85,231.75,0.6085,1.4846,1.352,8.2775,1.0807,1.5724,118.1
2003/03/01,7992.13,848.18,1341.17,29.15,108.78,2036.86,3613.3,7972.71,114.875,143.06,114.72,2.48,186.66,2.076,43.5,129.3477314,31.04,337.45,71.45,5.06,58.65,236.5,0.6045,1.4673,1.3514,8.2774,1.0915,1.5827,118.09
2003/04/01,8480.09,916.92,1464.31,21.21,109.35,2324.23,3926,7831.42,115.125,143.6,114.8,2.49,159.75,2.0921,35,120.426413,25.8,338.55,72.5,5.385,68.25,232.75,0.6267,1.4301,1.3547,8.277,1.1184,1.5985,118.88
2003/05/01,8850.26,963.59,1595.91,19.47,111.43,2330.06,4048.1,8424.51,119.0625,144.8,118.01,2.231,169.77,2.1178,35.25,117.8817214,29.56,364.45,78.25,6.251,58.35,244.25,0.6528,1.3666,1.2979,8.2768,1.1784,1.6364,119.3
2003/06/01,8985.44,974.5,1622.8,19.52,110.86,2419.51,4031.2,9083.11,117.4375,141.56,116.83,2.34,161.29,2.0298,34.5,124.710285,30.19,346.4,74.8,5.411,58.9,228.5,0.6736,1.3467,1.3509,8.2775,1.1512,1.6546,119.8
2003/07/01,9233.8,990.31,1735.02,19.49,108.27,2519.79,4157,9563.21,110.625,141.85,114,2.94,163.87,2.5953,58.5,147.0833445,30.54,354.35,82.05,4.718,63.45,206,0.6488,1.4043,1.3709,8.2773,1.1232,1.6108,120.55
2003/08/01,9415.82,1008.01,1810.45,18.63,114.6,2556.71,4161.1,10343.55,111.53125,137.4,114.28,2.7,140.6,2.5369,50.5,138.1681488,31.57,375.55,80.3,4.731,61.45,233.25,0.6475,1.3865,1.3999,8.2771,1.0984,1.5777,116.92
2003/09/01,9275.06,995.97,1786.94,22.72,113.19,2395.87,4091.3,10219.05,114.625,136.98,115.16,2.621,135.12,2.3821,42.5,135.2891543,29.2,385.35,81.85,4.83,62.9,220.25,0.6801,1.3521,1.3192,8.277,1.1657,1.6618,111.5
2003/10/01,9801.12,1050.71,1932.21,16.1,116.53,2575.04,4287.6,10559.59,112.296875,136.96,112.75,2.546,134.38,2.9614,42,135.9319188,29.11,384.25,93.85,4.893,58.65,247.25,0.7086,1.3198,1.3395,8.2766,1.1593,1.6957,109.94
2003/11/01,9782.46,1058.2,1960.26,16.32,121.07,2630.47,4342.6,10100.57,112.40625,138.5,111.88,2.347,138.63,2.8173,39.25,133.3776835,30.41,398.15,90.7,4.925,57.75,245,0.7243,1.3008,1.291,8.277,1.1996,1.7222,109.63
2003/12/01,10453.92,1111.92,2003.37,18.31,120.4,2760.66,4476.9,10676.64,112.265625,137.85,113.12,2.5,136.88,2.7267,39.25,131.7710068,32.52,415.45,104.55,6.189,64.95,246,0.752,1.297,1.2391,8.2767,1.2595,1.7858,107.22
2004/01/01,10488.07,1131.13,2066.15,16.63,112.16,2839.13,4390.7,10783.61,113.4375,139.05,113.85,2.36,134.74,2.709,39.5,129.1240555,33.05,402.45,114.55,5.397,75.5,276.25,0.7642,1.3252,1.2565,8.2768,1.2478,1.8238,105.71
2004/02/01,10583.92,1144.94,2029.82,14.55,111.88,2893.18,4492.2,11041.92,115.375,140.01,115.8,2.4095,139.18,2.6264,39.75,122.3463135,36.16,396.15,134.3,5.416,75.05,296.25,0.7738,1.3343,1.2623,8.2769,1.2493,1.8685,109.11
2004/03/01,10357.7,1126.21,1994.22,16.74,115.87,2787.49,4385.7,11715.39,115.40625,137.55,116.07,2.351,147.23,2.6695,39,125.2785106,35.76,426.45,136,5.933,73.75,320,0.7668,1.3093,1.2659,8.277,1.2316,1.8462,104.23
2004/04/01,10225.57,1107.31,1920.15,17.19,111.76,2787.48,4489.7,11761.79,110.5,137.35,114.09,2.312,133.2,2.6891,47.75,120.1179401,37.38,386.75,120.95,5.862,67.15,316.5,0.7207,1.3722,1.2956,8.2771,1.198,1.7781,110.52
2004/05/01,10188.45,1120.68,1986.74,15.5,118.47,2749.62,4430.7,11236.37,109.875,137.97,112.91,2.2,136.05,2.9835,48,119.5977113,39.88,395.55,127.75,6.442,85.55,304,0.7152,1.3624,1.2541,8.2768,1.2188,1.8323,109.52
2004/06/01,10435.48,1140.84,2047.79,14.34,118.62,2811.08,4464.1,11858.87,109.328125,135.1,113.15,1.9755,122.06,2.8432,48.25,103.8982849,37.05,394.25,120.5,6.155,73.1,257.5,0.6993,1.3328,1.2487,8.2766,1.22,1.8204,108.77
2004/07/01,10139.71,1101.72,1887.36,15.32,116.13,2720.05,4413.1,11325.78,110.71875,134.85,114.25,1.883,118.11,2.7562,48.75,106.0953977,43.8,391.05,130.8,6.112,66.45,217.25,0.7027,1.3314,1.2815,8.277,1.2019,1.8199,111.36
2004/08/01,10173.92,1104.24,1838.1,15.29,118.73,2670.79,4459.3,11081.79,113.46875,137.65,116.18,1.807,132.99,2.589,45.25,111.2551276,42.12,409.85,128.1,5.074,69.3,227.75,0.7042,1.3127,1.2664,8.2765,1.2183,1.8024,109.17
2004/09/01,10080.27,1114.58,1896.84,13.34,117.56,2726.3,4570.8,10823.57,112.625,137.97,115.65,1.613,137.95,2.5612,43.5,113.0195331,49.64,418.25,139.6,6.795,82.35,205.5,0.7277,1.2613,1.2461,8.2765,1.2436,1.812,110.05
2004/10/01,10027.47,1130.2,1974.99,16.27,116.04,2811.72,4624.2,10771.42,113.5625,138.15,116.94,1.5465,135.76,2.464,43,107.2855042,51.76,428.55,133.75,8.725,74.4,202.5,0.7484,1.2177,1.1943,8.2766,1.2798,1.8373,105.81
2004/11/01,10428.02,1173.82,2096.81,13.24,108.85,2876.39,4703.2,10899.25,111.453125,138.64,118.23,1.3855,129.81,2.5334,41.25,100.2248092,49.13,450.95,144.3,7.62,94.45,192.5,0.7729,1.1874,1.1413,8.2765,1.3279,1.9095,103.07
2004/12/01,10783.01,1211.92,2175.44,13.29,116.01,2951.01,4814.3,11488.76,111.9375,138.36,118.59,1.194,117.27,2.615,41.5,101.2736044,43.45,438.45,145.25,6.149,103.75,204.75,0.7803,1.2019,1.1404,8.2765,1.3554,1.9182,102.63
2005/01/01,10489.94,1181.27,2062.41,12.82,119.87,2984.59,4852.3,11387.59,112.265625,139.6,119.93,0.8955,107.64,2.5013,38.25,92.87923612,48.2,422.6,143.5,6.321,105.35,197,0.7757,1.2398,1.1889,8.2764,1.3039,1.8829,103.7
2005/02/01,10766.23,1203.6,2051.72,12.08,119.82,3058.32,4968.5,11740.6,110.875,138.19,118.43,0.8285,108.22,2.5508,40.75,91.80268613,51.75,435.65,150,6.73,119.15,214.5,0.7918,1.2339,1.1631,8.2765,1.3228,1.9211,104.63
2005/03/01,10503.76,1180.59,1999.23,14.02,118.51,3055.73,4894.4,11668.95,109.265625,139.41,118.61,0.755,84.96,2.554,45.75,93.62412453,55.4,428.35,150.25,7.653,126.4,213,0.773,1.2104,1.1965,8.2764,1.2964,1.8905,107.15
2005/04/01,10192.51,1156.85,1921.65,15.31,116.12,2930.1,4801.7,11008.9,111.421875,140.51,120.69,0.63,106.57,2.4866,44.75,91.94619678,49.72,434.4,149.3,6.585,125.15,204.75,0.7813,1.2583,1.1951,8.2764,1.2873,1.9088,104.75
2005/05/01,10467.48,1191.5,2068.22,13.29,120.56,3076.7,4964,11276.59,112.84375,140.7,122.31,0.474,94.53,2.2982,41.75,91.28605182,51.97,417.25,145.65,6.379,118.35,222,0.7559,1.2549,1.2483,8.2767,1.2304,1.8171,108.57
2005/06/01,10274.97,1191.33,2056.96,12.04,118.19,3181.54,5113.2,11584.01,113.46875,141.2,123.5,0.3535,92.64,2.2595,42,92.10223557,56.5,435.5,155.35,6.981,104.65,212.25,0.7625,1.2251,1.2814,8.2764,1.2108,1.7915,110.92
2005/07/01,10640.91,1234.18,2184.83,11.57,121.3,3326.51,5282.3,11899.6,110.984375,139.93,122.45,0.336,89.09,2.4357,44.5,90.53,60.57,429.8,164.45,7.885,103.15,236.5,0.7566,1.2233,1.2894,8.1056,1.2123,1.7579,112.5
2005/08/01,10481.6,1220.33,2152.09,12.6,122.61,3263.78,5296.9,12413.6,112.921875,139.62,123.95,0.266,81.63,2.2968,43.5,91.09092269,68.94,435.2,169.5,11.472,97.75,201.5,0.7553,1.1878,1.253,8.0998,1.2346,1.8041,110.61
2005/09/01,10568.7,1228.81,2151.69,11.92,115.23,3428.51,5477.7,13574.3,109.921875,137.65,122.53,0.2165,92.15,2.4,46,90.84931174,66.24,469.3,172.75,13.921,93.45,205.5,0.762,1.163,1.2939,8.092,1.2026,1.7643,113.51
2005/10/01,10440.07,1207.01,2120.3,15.32,122.5,3320.15,5317.3,13606.5,108.453125,137.1,120.42,0.26,86.11,2.5004,51.75,92.63490685,59.76,465.19,181.1,12.205,96.65,196.25,0.7482,1.1822,1.2886,8.0845,1.1992,1.77,116.4
2005/11/01,10805.87,1249.48,2232.82,12.06,114.81,3447.07,5423.2,14872.15,108.734375,138.4,120.27,0.2015,94.18,2.3893,55.5,94.89022374,57.32,493.08,207.5,12.587,93,187.5,0.738,1.1657,1.3152,8.0804,1.1788,1.7293,119.81
2005/12/01,10717.5,1248.29,2205.32,12.07,113,3578.93,5618.8,16111.43,109.40625,137.35,121.84,0.092,90.21,2.3825,55,90.01771843,61.04,517,204.2,11.225,107.1,215.75,0.7328,1.162,1.3134,8.0702,1.1849,1.723,117.75
2006/01/01,10864.86,1280.09,2305.82,12.95,120.99,3691.41,5760.3,16649.82,108.4375,136.79,120.43,0.1025,86.09,2.5152,51.5,87.1888379,67.92,568.9,222.85,9.316,118.2,218.75,0.7582,1.139,1.2779,8.0608,1.2156,1.7793,117.2
2006/02/01,10993.41,1280.66,2281.39,12.34,124.61,3774.51,5791.5,16205.43,108,135.99,120.39,-0.013,71.56,2.3995,52.5,78.34954641,61.41,561.55,218.55,6.714,111.8,228,0.7423,1.1369,1.3117,8.0402,1.1921,1.7536,115.77
2006/03/01,11109.32,1294.83,2339.79,11.39,115.72,3853.74,5964.6,17059.66,106.390625,133.46,117.17,0.113,81.06,2.456,54,81.36880779,66.63,583.65,246.3,7.21,107,236,0.7165,1.1686,1.3042,8.0172,1.2118,1.7372,117.78
2006/04/01,11367.14,1310.61,2322.57,11.59,125.2,3839.9,6023.1,16906.23,105.578125,132.6,115.58,0.261,87.85,2.6716,50.75,79.07763804,71.88,654.43,333.55,6.555,107.2,238.25,0.7596,1.117,1.2388,8.014,1.2635,1.8259,113.83
2006/05/01,11168.31,1270.09,2178.88,16.44,121.97,3637.17,5723.8,15467.33,105.078125,133.66,116.05,0.1965,86.98,2.6242,56,82.05132813,71.29,645.2,362.4,6.384,98.95,251.25,0.7522,1.1016,1.2192,8.0175,1.281,1.8698,112.64
2006/06/01,11150.22,1270.2,2172.09,13.08,118.28,3648.92,5833.4,15505.18,104.859375,131.65,115.32,0.105,71.23,2.5721,59,78.89,73.93,615.85,346.25,6.104,99.5,235.5,0.7421,1.117,1.2231,7.9943,1.2791,1.8483,114.44
2006/07/01,11185.68,1276.66,2091.47,14.95,121.64,3691.87,5928.3,15456.81,106.03125,132,116.8,0.141,79.64,2.6422,56.2,78.25870909,74.4,636.75,357,8.211,99.35,239,0.7665,1.1313,1.2312,7.969,1.2767,1.8677,114.68
2006/08/01,11381.15,1303.82,2183.75,12.31,123.22,3808.7,5906.1,16140.76,107.421875,134.98,118.27,0.087,78.46,2.5647,55.8,75.08971616,70.26,627.3,346.9,6.048,104,232,0.7638,1.1037,1.2305,7.9527,1.2813,1.9047,117.4
2006/09/01,11679.07,1335.85,2258.43,11.98,120.09,3899.41,5960.8,16127.58,108.0625,134.8,118.1,0.057,80.42,2.4783,53.8,66.6332255,62.91,598.3,346.05,5.62,107.65,262.5,0.7461,1.118,1.2506,7.904,1.2674,1.8721,118.18
2006/10/01,12080.73,1377.94,2366.71,11.1,111.48,4004.8,6129.2,16399.39,108.21875,134.48,117.82,0.0567,71.67,2.4766,53,73.78243168,58.73,606.6,334.55,7.534,108.25,320.75,0.7738,1.1222,1.2442,7.8794,1.2762,1.9074,116.98
2006/11/01,12221.93,1400.63,2431.77,10.91,124,3987.23,6048.8,16274.33,109.109375,135.09,118.48,-0.0153,67.56,2.3979,47.8,74.64476738,63.13,648,317.15,8.844,119.7,377,0.7889,1.1403,1.1978,7.8331,1.3242,1.9659,115.81
2006/12/01,12463.15,1418.3,2415.29,11.56,121.25,4119.94,6220.8,17225.83,107.46875,134.05,116.03,0.005,77.58,2.3589,47.75,72.12634448,61.05,636.7,287.1,6.299,126.2,390.25,0.7885,1.1657,1.2201,7.8045,1.3197,1.9588,119.06
2007/01/01,12621.69,1438.24,2463.93,10.42,118.58,4178.54,6203.1,17383.42,106.75,134.51,114.97,0.0378,60.66,2.4401,52,67.30710065,58.14,653.2,259.45,7.667,117.65,404,0.7769,1.1769,1.2441,7.7737,1.3032,1.9655,120.7
2007/02/01,12268.63,1406.82,2416.15,15.42,121.36,4087.12,6171.5,17604.12,108.5625,135.02,116.21,0.0695,73.52,2.3551,54.5,70.83433853,61.79,669.35,273.3,7.3,117.7,425.25,0.7879,1.1699,1.2196,7.7417,1.3229,1.9639,118.56
2007/03/01,12354.35,1420.86,2421.64,14.64,120.89,4181.03,6308,17287.65,108.125,134.15,114.92,0.174,78.37,2.3877,52.8,70.06153888,65.87,663.8,314.6,7.73,109.25,374.5,0.8086,1.154,1.2155,7.7315,1.3354,1.9678,117.83
2007/04/01,13062.91,1482.37,2525.09,14.22,123.37,4392.34,6449.2,17400.41,108.328125,134.36,114.15,0.1515,70.35,2.4082,54.3,68.23232095,65.71,678.45,354.15,7.863,103.15,358,0.8301,1.1097,1.2073,7.7033,1.3648,1.9995,119.53
2007/05/01,13627.64,1530.62,2604.52,13.05,123.84,4512.65,6621.4,17875.75,106.390625,133.17,112.05,0.1155,69.83,2.4248,56.75,64.37703212,64.01,660.5,339.55,7.935,111.9,390.25,0.8279,1.0689,1.2253,7.646,1.3453,1.9798,121.73
2007/06/01,13408.62,1503.35,2603.23,16.23,115.72,4489.77,6607.9,18138.36,105.703125,132.01,110.75,0.307,62.22,2.5116,63.8,74.98807787,70.68,649.65,345.35,6.773,111,329.5,0.8494,1.0653,1.2215,7.6151,1.3541,2.0087,123.17
2007/07/01,13211.99,1455.28,2545.57,23.52,115.53,4315.69,6360.1,17248.89,107.421875,133.15,112.75,0.4145,81.38,2.5983,74.525,86.99606995,78.21,664.3,364.85,6.191,114.3,325.75,0.8517,1.0665,1.2011,7.5728,1.3684,2.0313,118.62
2007/08/01,13357.74,1473.99,2596.36,23.38,117.26,4294.56,6303.3,16569.09,109.484375,135.35,113.77,0.325,125.03,2.5201,69.75,87.57214294,74.04,673.3,341.1,5.468,112.65,324,0.8186,1.0556,1.2084,7.545,1.363,2.0171,115.77
2007/09/01,13895.63,1526.75,2701.5,18,119.97,4381.71,6466.8,16785.69,109.28125,134.94,112.68,0.554,119.32,2.63,62.5,92.2645406,81.66,743.6,364,6.87,128.65,373,0.8879,0.9923,1.1637,7.5105,1.4267,2.0473,114.81
2007/10/01,13930.01,1549.38,2859.12,18.53,116.88,4489.79,6721.6,16737.63,110.015625,135.99,113.33,0.528,123.71,2.5406,63.5,82.41868818,94.53,796.8,347.3,8.33,121.35,375.5,0.9341,0.9431,1.1581,7.4627,1.4487,2.0798,115.44
2007/11/01,13371.72,1481.14,2660.96,22.87,111.85,4394.95,6432.5,15680.67,113.921875,137.03,114.38,0.697,140.21,2.529,65.375,98.61418774,88.71,783.55,315.7,7.302,125.95,384.5,0.8844,0.9987,1.1318,7.3919,1.4633,2.0563,111.24
2007/12/01,13264.82,1468.36,2652.28,22.5,111.65,4399.72,6456.9,15307.78,113.390625,136.81,113.11,0.86,133.31,2.4578,63.75,106.3562361,95.98,833.7,304.1,7.483,136.2,455.5,0.8751,0.9984,1.1335,7.3037,1.4589,1.985,111.75
2008/01/01,12650.36,1378.55,2389.86,26.2,106.43,3792.8,5879.8,13592.47,116.71875,137.75,116.69,1.4165,171.08,2.7614,61.8,112.2547025,91.75,926.1,329.8,8.074,138.15,501.25,0.8956,1.0028,1.0814,7.1818,1.4861,1.9872,106.45
2008/02/01,12266.39,1330.63,2271.48,26.54,110.19,3724.5,5884.3,13603.02,118.6875,138.47,117.06,1.711,174.65,2.7476,71,125.2149193,101.84,973.9,385.2,9.366,164.6,546,0.9309,0.9878,1.0412,7.1108,1.5179,1.9891,103.74
2008/03/01,12262.89,1322.7,2279.1,25.61,110.36,3628.06,5702.1,12525.54,118.953125,140.52,115.98,1.6535,203.49,2.6483,66,120.380441,101.58,916.9,383.1,10.101,127.4,567.25,0.9131,1.0253,0.9931,7.012,1.5788,1.9837,99.7
2008/04/01,12820.13,1385.59,2412.8,20.79,112.48,3825.02,6087.3,13849.99,115.8125,136.15,114.07,1.246,168.66,2.4322,61.05,113.5287594,113.46,877.55,393.4,10.843,134.55,600.25,0.9437,1.0079,1.0345,6.9878,1.5622,1.9869,103.92
2008/05/01,12638.32,1400.38,2522.66,17.83,113.53,3777.85,6053.5,14338.54,113.953125,134.45,111.92,1.2475,159.11,2.6163,64.45,109.2732742,127.35,886.5,360.6,11.703,133.9,599.25,0.956,0.9934,1.0423,6.9421,1.5554,1.9823,105.52
2008/06/01,11350.01,1280,2292.98,23.95,112,3352.81,5625.9,13481.38,113.921875,135.45,110.57,1.1235,162.32,2.4507,70.25,112.2046426,140,925.4,389.55,13.353,150.9,724.75,0.9586,1.0215,1.021,6.8544,1.5755,1.9923,106.21
2008/07/01,11378.02,1267.38,2325.55,22.94,110.66,3367.82,5411.9,13376.81,114.828125,136.41,112.51,1.2425,168.21,2.6704,70.75,103.3404182,124.08,914.1,366.15,9.119,139.35,587.5,0.9423,1.0246,1.047,6.8319,1.5603,1.9841,107.92
2008/08/01,11543.55,1282.83,2367.52,20.65,110.58,3365.63,5636.6,13072.87,116.6875,138.37,114.16,1.1605,181.85,2.5711,67.75,106.185932,115.46,831.15,342.95,7.943,141.9,568.25,0.8578,1.0637,1.1012,6.8397,1.4673,1.8211,108.8
2008/09/01,10850.66,1166.36,2091.88,39.39,111.43,3038.2,4902.45,11259.86,114.625,137.54,115.07,1.045,242.87,2.3078,66.5,127.6072653,100.64,870.95,287.9,7.438,130.45,487.5,0.7924,1.0644,1.1221,6.846,1.4092,1.7805,106.11
2008/10/01,9325.01,968.75,1720.95,59.89,122.19,2591.76,4377.34,8576.98,113.078125,137.98,115.93,1.7025,257.17,2.3278,48.25,133.3860579,67.81,723.85,182.9,6.783,113,401.5,0.6678,1.2125,1.1578,6.8388,1.2726,1.6076,98.47
2008/11/01,8829.04,896.24,1535.57,55.28,113.12,2430.31,4288.01,8512.27,122.890625,139.38,121.47,1.035,261.87,2.3554,20.25,151.2514459,54.43,818.05,162.35,6.51,114.1,349.5,0.6553,1.2398,1.2136,6.8347,1.2691,1.5377,95.53
2008/12/01,8776.39,903.25,1577.03,40,116.5,2447.62,4434.17,8859.56,125.75,140.12,124.84,1.0785,264.45,1.4857,35,127.791856,44.6,882.05,141,5.622,112.05,407,0.7027,1.2188,1.0687,6.8277,1.3971,1.4593,90.64
2009/01/01,8000.86,825.88,1476.42,44.84,115.88,2236.98,4149.64,7994.05,122.671875,138.91,122.37,1.437,245.5,2.4364,23.25,123.518665,41.68,927.85,146.85,4.417,118.9,379,0.6375,1.2296,1.1619,6.8519,1.2813,1.454,89.92
2009/02/01,7062.93,735.09,1377.84,46.35,114.25,1976.23,3830.09,7568.42,121.703125,139.5,124.7,1.66,243.35,2.0062,31.5,141.3915795,44.76,942.32,152.6,4.198,109.45,350.75,0.639,1.2763,1.1689,6.84,1.2669,1.4318,97.58
2009/03/01,7608.92,797.87,1528.59,44.14,112.87,2071.13,3926.14,8109.53,124.078125,138.15,124.43,1.4835,267.47,2.2741,20,105.8566358,49.66,919.35,184.45,3.776,115.75,404.75,0.6913,1.2602,1.1394,6.8339,1.325,1.4323,98.96
2009/04/01,8168.12,872.81,1717.3,36.5,114.86,2375.34,4243.71,8828.26,120.9375,136.99,122.53,1.771,233.88,2.2497,11.75,117.7087507,51.12,888.2,205.3,3.373,115,396.25,0.7256,1.1925,1.1405,6.821,1.323,1.479,98.63
2009/05/01,8500.33,919.14,1774.33,28.92,122.99,2451.24,4417.94,9522.5,118.625,136.41,119.53,2.331,174.37,2.4346,19.25,142.9777937,66.31,979.18,219.75,3.835,137.4,436.25,0.8011,1.0915,1.0669,6.8291,1.4158,1.619,95.34
2009/06/01,8447,919.32,1835.04,26.35,117.03,2401.69,4249.21,9958.44,116.265625,138.1,121.08,2.249,188.93,2.3974,24.75,149.1008208,69.89,926.5,225.8,3.835,117.3,347.75,0.8064,1.1623,1.0859,6.8305,1.4033,1.6458,96.36
2009/07/01,9171.61,987.48,1978.5,25.92,108.94,2638.13,4608.36,10356.83,117.28125,138.12,122.04,2.2595,156.84,2.525,24.375,147.228861,69.45,954,262.35,3.653,127.85,339.5,0.8359,1.0776,1.0685,6.8321,1.4257,1.6713,94.68
2009/08/01,9496.28,1020.63,2009.06,26.01,120.14,2775.17,4908.9,10492.53,118.546875,139.13,122.63,2.2885,166.34,2.4785,21.75,143.209134,69.96,951.19,280.8,2.977,120.9,326.25,0.8439,1.0938,1.059,6.8308,1.4334,1.6288,93.12
2009/09/01,9712.28,1057.08,2122.42,25.61,120.86,2872.63,5133.9,10133.23,118.328125,139.34,121.88,2.1728,174.58,2.4385,15.25,139.47227,70.61,1007.7,281.9,4.841,127.8,344,0.8828,1.0695,1.0363,6.8264,1.464,1.5982,89.71
2009/10/01,9712.73,1036.2,2045.11,30.69,122.75,2743.5,5044.55,10034.74,118.609375,137.99,121.9,2.3186,166.28,2.6969,18,140.5056375,77,1045.45,295.55,5.045,135.5,366,0.8997,1.0848,1.0263,6.8275,1.4719,1.6453,90.09
2009/11/01,10344.84,1095.63,2144.6,24.51,122.91,2797.25,5190.68,9345.55,121.171875,139.74,123.63,2.3006,180.13,2.6868,9.8125,140.5056375,77.28,1179.63,314.85,4.848,141.8,402.75,0.916,1.0563,1.0053,6.8274,1.5005,1.644,86.41
2009/12/01,10428.05,1115.1,2269.15,21.68,125.65,2964.96,5412.88,10546.44,115.453125,139.7,121.19,2.5956,153.62,2.9462,13.25,137.04239,79.36,1096.98,334.65,5.572,135.95,414.5,0.8977,1.0532,1.0352,6.8271,1.4321,1.617,93.03
2010/01/01,10067.33,1073.87,2147.35,24.62,117.5,2776.83,5188.52,10198.04,118.15625,139.51,123.38,2.6103,159.77,3.0763,12.5,125.316815,72.89,1081.2,305.25,5.131,131.7,356.5,0.8838,1.0704,1.0606,6.8269,1.3863,1.5986,90.27
2010/02/01,10325.26,1104.49,2238.26,19.5,120.13,2728.47,5354.52,10126.03,118.90625,139.87,124.45,2.6405,157.57,2.799,8.5,140.5056375,79.66,1117.59,326.85,4.813,129.05,378,0.8954,1.0517,1.0735,6.8261,1.3631,1.5238,88.97
2010/03/01,10856.63,1169.43,2397.96,17.59,123.7,2931.16,5679.64,11089.94,116.25,138.22,123.35,2.6277,145.76,2.8924,-1.625,106.84575,83.76,1113.25,355.35,3.869,136.15,345,0.9172,1.0153,1.0539,6.8259,1.351,1.5184,93.47
2010/04/01,11008.61,1186.69,2461.19,22.05,125.41,2816.86,5553.29,11057.4,117.90625,139.68,124.85,2.4612,140.18,2.9951,0.1875,112.634475,86.15,1179.03,333.75,3.92,135.2,366.25,0.9243,1.0179,1.0776,6.8253,1.3294,1.5274,93.85
2010/05/01,10136.63,1089.41,2257.04,32.07,123.13,2610.26,5188.43,9768.7,120.671875,140.41,128.8,2.153,164.6,2.495,8.25,103.85334,73.97,1216.3,310.45,4.341,134.25,359,0.8459,1.0445,1.1549,6.8278,1.2306,1.4538,91.27
2010/06/01,9774.02,1030.71,2109.24,34.54,116.87,2573.32,4916.87,9382.64,122.546875,141.66,129.39,2.0299,170.75,2.3178,7,107.232705,75.63,1242.38,293.6,4.616,164.2,354.25,0.8408,1.0639,1.0774,6.7818,1.2238,1.4945,88.43
2010/07/01,10465.94,1101.6,2254.7,23.5,119.53,2742.14,5258.02,9537.3,123.8125,141.84,128.55,2.161,171.74,2.4827,-1.25,99.570224,78.95,1181,331.15,4.923,176.3,392.75,0.9042,1.0297,1.0412,6.7745,1.3052,1.5689,86.47
2010/08/01,10014.72,1049.33,2114.03,26.05,115.02,2622.95,5225.22,8824.06,126.5,142.99,134.43,1.831,172.97,2.0438,1.25,102.39141,71.92,1247.4,336.1,3.816,176.8,424.5,0.8906,1.0656,1.0151,6.8078,1.268,1.5348,84.2
2010/09/01,10788.05,1141.2,2368.62,23.7,120.48,2747.9,5548.62,9369.35,126.046875,143.42,131.43,1.971,203.37,2.5126,6,104.53455,79.97,1308.54,365.15,3.872,183.05,495.75,0.9671,1.0292,0.9825,6.6921,1.3634,1.5716,83.53
2010/10/01,11118.49,1183.26,2507.41,21.2,116.04,2844.99,5675.16,9202.45,126.28125,143.2,129.23,2.1835,208.7,3.0385,8.25,98.378865,81.43,1359.4,373.35,4.038,203.45,582,0.9835,1.0194,0.9824,6.6705,1.3947,1.6038,80.4
2010/11/01,11006.02,1180.55,2498.23,23.54,116.71,2650.99,5528.27,9937.04,125.046875,140.87,128.02,2.2002,196.4,2.7731,16.565,107.36604,84.11,1386.23,382.3,4.18,200.95,530,0.9588,1.0264,1.0034,6.6673,1.2983,1.5562,83.69
2010/12/01,11577.51,1257.64,2652.87,17.75,120.74,2792.82,5899.94,10228.92,120.4375,140.61,125.31,2.5874,151.1,2.8531,8.5,117.611183,91.38,1421.4,444.7,4.405,240.5,629,1.0233,0.998,0.9352,6.607,1.3384,1.5612,81.12
2011/01/01,11891.93,1286.12,2700.08,19.53,130.3,2953.63,5862.94,10237.92,120.796875,140.02,123.74,2.6804,179.45,2.9065,10,116.03829,92.19,1332.68,445.85,4.42,244.8,659.5,0.9974,1.001,0.944,6.595,1.3694,1.6014,82.04
2011/02/01,12226.34,1327.22,2782.27,18.35,129.37,3013.09,5994.01,10624.09,120.34375,139.54,124.12,2.6596,167.39,2.8347,11.8125,109.7282,96.97,1411.33,447.8,4.037,271.7,722.5,1.0186,0.9716,0.9289,6.5719,1.3806,1.6257,81.78
2011/03/01,12319.73,1325.83,2781.07,17.74,124.64,2910.91,5908.76,9755.1,119.03125,139.55,121.28,2.569,171.33,2.8737,11,112.00712,106.72,1432.2,430.75,4.389,264.15,693.25,1.0329,0.9706,0.919,6.5483,1.4158,1.6028,83.13
2011/04/01,12810.54,1363.61,2873.54,14.75,127.45,3011.25,6069.9,9849.74,121.140625,140.05,122.92,2.586,177.78,2.8814,7.75,103.535808,113.93,1563.7,416.55,4.698,299.35,754,1.0971,0.9451,0.8653,6.4922,1.4807,1.6707,81.19
2011/05/01,12569.79,1345.2,2835.3,15.45,123.91,2861.92,5989.99,9693.73,124.03125,140.63,125.35,2.502,186.46,2.6576,10.0625,102.4842,102.7,1535.73,417.75,4.666,264.6,747.5,1.0672,0.9685,0.854,6.4786,1.4396,1.6448,81.52
2011/06/01,12414.34,1320.64,2773.52,16.52,122.09,2848.53,5945.71,9816.09,122.328125,141.04,125.48,2.5775,203.84,2.9789,11.9375,109.5787,95.42,1500.18,427.2,4.374,265.35,629,1.0722,0.9634,0.8404,6.4639,1.4502,1.6053,80.56
2011/07/01,12143.24,1292.28,2756.38,25.25,120.65,2670.37,5815.19,9833.03,125.6875,141.83,130.36,2.335,172.28,3.1048,12.6875,109.2248885,95.7,1627.05,447.95,4.145,239.55,665.5,1.0993,0.9552,0.7855,6.437,1.4398,1.6426,76.76
2011/08/01,11613.53,1218.89,2579.46,31.62,120.01,2302.08,5394.53,8955.2,130.03125,142.41,134.56,1.907,224.12,2.5664,17.8125,104.952555,88.81,1825.55,418.7,4.054,289.1,757.5,1.0707,0.9777,0.806,6.3781,1.4369,1.625,76.66
2011/09/01,10913.38,1131.42,2415.4,42.96,114.83,2179.66,5128.48,8700.29,130.09375,142.23,136.49,1.5315,196.73,2.1237,19.0025,102.904185,79.2,1623.79,315.2,3.666,228.9,592.5,0.9662,1.0503,0.9082,6.3812,1.3387,1.5584,77.06
2011/10/01,11955.01,1253.3,2684.41,29.96,120.69,2385.22,5544.22,8988.39,129.0625,142.06,135.47,1.7185,157.6,2.4845,16.92,108.42042,93.19,1714.7,363.2,3.934,226.95,647,1.053,1.0008,0.877,6.3548,1.3858,1.6087,78.17
2011/11/01,12045.68,1246.96,2620.34,27.8,116.56,2330.43,5505.42,8434.61,130.15625,141.77,133.82,1.55,208.13,2.4043,14.75,110.63924,100.36,1746.35,356.3,3.55,233.8,601.25,1.0283,1.0174,0.9132,6.3793,1.3446,1.5704,77.62
2011/12/01,12217.56,1257.61,2605.15,23.4,116.21,2316.55,5572.28,8455.35,131.125,142.41,139.04,1.3099,185.9,2.3606,16.75,103.4594,98.83,1564.91,343.6,2.989,226.85,646.5,1.0209,1.0213,0.9381,6.295,1.2961,1.5543,76.91
2012/01/01,12632.91,1312.41,2813.84,19.44,121.96,2416.66,5681.61,8802.51,132.25,142.59,139.72,1.4035,186.91,2.5471,11.6875,93.20619,98.48,1737.76,379,2.503,215.05,639,1.0621,1.0026,0.9202,6.3082,1.3084,1.576,76.27
2012/02/01,12952.07,1365.68,2966.89,18.43,124.59,2512.11,5871.51,9723.24,131.265625,142.73,139.89,1.5088,185.38,2.6055,9,96.68659,107.07,1696.76,387.05,2.616,203.15,656.5,1.0732,0.9899,0.9044,6.2938,1.3325,1.5917,81.15
2012/03/01,13212.04,1408.47,3091.57,15.5,124.97,2477.28,5768.45,10083.56,129.484375,142.01,138.49,1.706,187.41,2.7337,7.6875,97.45505,103.02,1668.15,382.5,2.126,182.45,644,1.0346,0.9987,0.9025,6.2985,1.3343,1.6008,82.87
2012/04/01,13213.63,1397.91,3046.36,17.15,119.83,2306.43,5737.78,9520.89,132.28125,143.12,141.09,1.492,201.17,2.5727,12.625,95.65132,104.87,1664.75,383.35,2.285,177.95,660.25,1.0429,0.9872,0.9075,6.2795,1.3239,1.6234,79.82
2012/05/01,12393.45,1310.33,2827.34,24.06,119.32,2118.94,5320.86,8542.73,134.90625,143.61,146.03,1.121,201.64,2.497,17.875,95.65132,86.53,1560.51,336.55,2.422,160.65,555.25,0.9734,1.0328,0.9713,6.3685,1.2365,1.5405,78.32
2012/06/01,12880.09,1362.16,2935.05,17.08,119.09,2264.72,5571.15,9006.78,133.375,143.69,140.9,1.2275,208.66,2.5578,12.75,85.827162,84.96,1597.45,349,2.824,170.1,672.5,1.0238,1.0166,0.9485,6.354,1.2667,1.5707,79.79
2012/07/01,13008.68,1379.32,2939.52,18.93,113.99,2325.72,5635.28,8695.06,134.65625,144.01,144.57,1.1748,177.63,2.6836,12.125,84.804312,88.06,1614.58,341.75,3.209,174.4,806.5,1.0503,1.0031,0.9764,6.3617,1.2304,1.5678,78.12
2012/08/01,13090.84,1406.58,3066.97,17.47,120.78,2440.71,5711.48,8839.91,134.75,144,144.02,1.2575,178.95,2.6029,11,85.877536,96.47,1691.85,345.4,2.799,164.55,802.75,1.0322,0.9863,0.9549,6.3486,1.2579,1.5866,78.39
2012/09/01,13437.13,1440.67,3116.23,15.73,125.87,2454.26,5742.07,8870.16,133.484375,144.19,141.77,1.337,180.37,2.7673,6.875,81.3196335,92.19,1772.25,375.8,3.32,173.5,756.25,1.0378,0.9837,0.9398,6.2847,1.286,1.6167,77.96
2012/10/01,13096.46,1412.16,2977.23,18.6,115.04,2503.64,5782.7,8928.29,133.03125,144.25,141.68,1.351,182.28,2.891,4.625,81.95864125,86.24,1720.65,351.75,3.692,154.65,755.75,1.0376,0.9994,0.9315,6.2373,1.296,1.6129,79.77
2012/11/01,13025.58,1416.18,3010.24,15.87,117.07,2575.25,5866.82,9446.01,134.125,144.86,142.79,1.2948,195.67,2.7655,4.875,77.90388474,88.91,1714.98,362.95,3.561,142.1,748,1.0428,0.9944,0.9281,6.226,1.2986,1.6013,82.48
2012/12/01,13104.14,1426.19,3019.51,18.02,121.27,2635.93,5897.81,10395.18,132.78125,143.65,145.64,1.4245,183.03,2.7812,5.875,77.649264,91.82,1675.35,365.25,3.351,143.8,698.25,1.0394,0.9921,0.9154,6.2306,1.3193,1.6255,86.75
2013/01/01,13860.58,1498.11,3142.13,14.28,121.64,2702.98,6276.88,11138.66,131.28125,144.3,141.9,1.629,186.79,2.9335,7.75,81.6967879,97.49,1663.7,373.2,3.339,146.95,740.5,1.0425,0.9972,0.91,6.219,1.3579,1.5857,91.71
2013/02/01,14054.49,1514.68,3160.19,15.51,126.86,2633.55,6360.81,11559.36,132.703125,145.02,144.99,1.5837,197.95,2.8358,9,80.1426825,92.05,1579.61,352.75,3.486,142.65,719.5,1.0215,1.0306,0.9367,6.2217,1.3057,1.5163,92.56
2013/03/01,14578.54,1569.19,3267.52,12.7,122.93,2624.02,6411.74,12397.91,131.984375,145.46,145.49,1.587,202.13,2.7623,16,79.58548,97.23,1597.5,340.2,4.024,137.15,695.25,1.0419,1.0174,0.9492,6.2102,1.2819,1.5198,94.22
2013/04/01,14839.8,1597.57,3328.79,13.52,119.05,2712,6430.12,13860.86,133.359375,144.53,146.58,1.5,202.83,2.7131,17.5,72.992304,93.46,1476.71,318.75,4.343,134.95,683.25,1.0371,1.0073,0.9293,6.1658,1.3168,1.5532,97.45
2013/05/01,15115.57,1630.74,3455.91,16.3,119.51,2769.64,6583.09,13774.54,130.25,142.32,143.71,1.8465,196.18,2.5723,17.5,89.813412,91.97,1387.8,329.25,3.984,127.05,662,0.9571,1.0375,0.9551,6.1345,1.2999,1.5198,100.45
2013/06/01,14909.6,1606.28,3403.25,16.86,116.53,2602.59,6215.47,13677.32,126.5625,142.7,141.52,2.186,183.43,2.3364,21,103.90968,96.56,1234.53,305.05,3.565,120,679.25,0.9138,1.0519,0.945,6.1375,1.301,1.5213,99.14
2013/07/01,15499.54,1685.73,3626.37,13.45,117.85,2768.15,6621.06,13668.32,126.4375,143.62,142.37,2.293,180.38,2.6663,19.25,101.001496,105.03,1325.07,311.85,3.446,118.6,499,0.8982,1.0277,0.9262,6.1289,1.3302,1.5207,97.88
2013/08/01,14810.31,1632.97,3589.87,17.01,117.48,2721.37,6412.93,13388.86,125.34375,144.35,140.66,2.413,170.61,2.5233,19.75,107.8433,107.65,1395.27,322.5,3.581,112.1,495,0.8901,1.0537,0.9298,6.1203,1.3222,1.5504,98.17
2013/09/01,15129.67,1681.55,3771.48,16.6,123.46,2893.15,6462.22,14455.8,126.390625,144.12,140.5,2.3036,195,2.677,15.5,98.232261,102.33,1329.03,332.3,3.56,113.7,441.5,0.9317,1.0309,0.9049,6.1209,1.3527,1.6186,98.27
2013/10/01,15545.75,1756.54,3919.71,13.75,132.33,3067.95,6731.43,14327.94,127.359375,145.07,142,2.2745,192.58,2.6047,14.5625,90.344184,96.38,1323.06,330.05,3.581,105.4,428.25,0.9456,1.0431,0.9069,6.0938,1.3584,1.604,98.36
2013/11/01,16086.41,1805.81,4059.89,13.7,130.82,3086.64,6650.57,15661.87,126.640625,145.1,141.71,2.455,187.55,2.6234,8.75,92.611351,92.72,1253.35,323.05,3.954,110.25,415.25,0.9108,1.0614,0.9062,6.094,1.3591,1.6368,102.44
2013/12/01,16576.66,1848.36,4176.59,13.72,133.63,3109,6749.09,16291.31,123.046875,143.32,139.17,2.6075,154.18,2.6883,6.5005,92.156675,98.42,1201.64,339.65,4.23,110.7,422,0.8917,1.0623,0.8929,6.0543,1.3743,1.6557,105.31
2014/01/01,15698.85,1782.59,4103.88,18.41,128.37,3013.96,6510.44,14914.53,125.75,144.74,143.88,2.326,178.6,2.585,14,86.36,97.49,1244.55,319.7,4.943,125.2,434,0.8756,1.1128,0.9065,6.0612,1.3486,1.6439,102.04
2014/02/01,16321.71,1859.45,4308.12,14,137.17,3149.23,6809.7,14841.07,126.109375,145.17,144.38,2.3113,167.24,2.556,11.25,82.1,102.59,1326.39,323.85,4.609,179.8,457.5,0.8924,1.1064,0.8803,6.1451,1.3802,1.6745,101.8
2014/03/01,16457.66,1872.34,4198.99,13.88,123.25,3161.6,6598.37,14827.83,123.5,144.62,143.38,2.2965,160.2,2.5134,12.25,79.9,101.58,1284.01,302.55,4.371,177.9,502,0.9264,1.105,0.8846,6.2171,1.3769,1.6662,103.23
2014/04/01,16580.84,1883.95,4114.56,13.41,124.53,3198.39,6780.03,14304.11,124.421875,144.92,144.54,2.223,156.41,2.5401,10.75,75.45,99.74,1291.6,302.95,4.815,203.05,514,0.9287,1.0962,0.8804,6.2595,1.3867,1.6873,102.24
2014/05/01,16717.17,1923.57,4242.62,11.4,124.23,3244.6,6844.51,14632.38,126.328125,145.5,146.81,2.0745,168.41,2.5574,10.88,78.6,102.71,1249.68,312.35,4.542,177.5,465.75,0.931,1.0846,0.8952,6.2471,1.3635,1.6755,101.77
2014/06/01,16826.6,1960.23,4408.18,11.57,139.35,3228.24,6743.94,15162.1,125.171875,145.65,147.01,2.048,161.96,2.5259,9.75,73.1814,105.37,1327.33,318.8,4.461,173,424.25,0.9433,1.0671,0.8868,6.2031,1.3692,1.7106,101.33
2014/07/01,16563.3,1930.67,4369.77,16.95,128.71,3115.51,6730.11,15620.77,124.609375,145.92,147.99,1.9691,159.22,2.6653,14,77.155,98.17,1282.59,323.1,3.841,195.05,357,0.9295,1.0906,0.9088,6.1738,1.339,1.6886,102.8
2014/08/01,17098.45,2003.37,4580.27,11.98,127.01,3172.63,6819.75,15424.59,126.328125,146.23,151.54,1.7835,160.69,2.4816,15.25,77.6,95.96,1287.32,313.5,4.065,195.75,359,0.9339,1.0878,0.9182,6.1436,1.3132,1.6598,104.09
2014/09/01,17042.9,1972.29,4493.39,16.31,127.73,3225.93,6622.72,16173.52,124.640625,145.84,149.7,1.822,156.12,2.3677,14.875,79.7,91.16,1208.15,300.75,4.121,193.35,320.75,0.8747,1.1198,0.9551,6.1394,1.2631,1.6213,109.65
2014/10/01,17390.52,2018.05,4630.74,14.03,124.75,3113.32,6546.47,16413.76,126.359375,146.53,150.91,1.773,156.47,2.3445,14.5,80.8,80.54,1172.94,304.7,3.873,188,376.75,0.8798,1.1266,0.9626,6.113,1.2525,1.5995,112.32
2014/11/01,17828.24,2067.56,4791.63,13.33,131.89,3250.93,6722.62,17459.85,127.65625,146.91,152.85,1.6085,166.6,2.1363,13.25,78.4276,66.15,1167.38,286,4.088,186.65,375.75,0.8506,1.1416,0.9653,6.145,1.2452,1.5645,118.63
2014/12/01,17823.07,2058.9,4736.05,19.2,133.84,3146.43,6566.09,17450.77,126.796875,147.79,155.87,1.3911,154.88,2.0836,11.5,79.3,53.27,1184.37,282.55,2.889,166.6,397,0.8175,1.1621,0.9943,6.2055,1.2098,1.5577,119.78
2015/01/01,17164.95,1994.99,4635.24,20.97,125.36,3351.44,6749.4,17674.39,130.875,148.13,159.39,1.0958,164.93,1.9644,14.5,82.9,48.24,1283.79,249.45,2.691,161.9,370,0.7762,1.2732,0.9202,6.2506,1.1291,1.506,117.49
2015/02/01,18132.7,2104.5,4963.53,13.34,126.4,3599,6946.66,18797.94,128.421875,147.9,159.46,1.246,164.7,2.0286,12.6,87.175,49.76,1213.18,271.6,2.734,136.75,384.5,0.7808,1.2515,0.9543,6.2694,1.1196,1.5438,119.63
2015/03/01,17776.12,2067.89,4900.89,15.29,120.35,3697.38,6773.04,19206.99,128.90625,147.22,158.76,1.2165,159.69,1.9939,10.0625,88.5,47.6,1183.57,274,2.64,132.9,376.25,0.7607,1.2686,0.9727,6.1997,1.0731,1.4818,120.13
2015/04/01,17840.52,2085.51,4941.42,14.55,115.96,3615.59,6960.63,19520.01,128.375,147.89,156.7,1.3005,170.83,2.1824,9,86,59.63,1184.37,288.65,2.751,136.55,362.5,0.7905,1.2077,0.9324,6.2032,1.1224,1.5351,119.38
2015/05/01,18010.68,2107.39,5070.03,13.84,122.5,3570.78,6984.43,20563.15,128.3125,147.63,155.43,1.364,181.86,2.076,9.3125,86.26,60.3,1190.58,272.8,2.642,126.15,351.5,0.7645,1.2454,0.9403,6.1976,1.0986,1.5291,124.15
2015/06/01,17619.51,2063.11,4986.87,18.23,123.88,3424.3,6520.98,20235.73,126.171875,146.97,152,1.5605,183.69,2.1694,11,87.58,59.47,1172.35,262.35,2.832,130.65,414,0.7707,1.2494,0.9355,6.201,1.1147,1.5712,122.5
2015/07/01,17689.86,2103.84,5128.28,12.12,124.2,3600.69,6696.28,20585.24,127.4375,147.55,154.4,1.3715,188.99,2.2045,8.5625,85.36,47.12,1095.8,236.35,2.716,125.25,371,0.7308,1.3091,0.9663,6.2097,1.0984,1.5622,123.89
2015/08/01,16528.03,1972.18,4776.51,28.43,129.36,3269.63,6247.94,18890.48,127.640625,147.96,153.09,1.3817,193.21,2.0543,5.5,87.7,49.2,1134.93,233.8,2.689,120.55,363.75,0.7113,1.314,0.9673,6.379,1.1211,1.5345,121.23
2015/09/01,16284.7,1920.03,4620.17,24.5,113.9,3100.67,6061.61,17388.15,128.734375,148.16,156.19,1.2543,196.32,1.8449,-3.5,85.19,45.09,1115.09,234.1,2.524,121.35,387.75,0.7018,1.3313,0.9733,6.356,1.1177,1.5128,119.88
2015/10/01,17663.54,2079.36,5053.75,15.07,125.77,3418.23,6361.09,19083.1,127.6875,148.56,157.21,1.2145,183.79,1.9223,-8.25,83.5,46.59,1142.11,231.75,2.321,120.95,382.25,0.7138,1.308,0.9879,6.3174,1.1006,1.5428,120.62
2015/11/01,17719.92,2080.41,5108.67,16.13,127.25,3506.45,6356.09,19747.47,127.015625,148.53,158.31,1.0745,178.4,1.9177,-13.999,82.43,41.65,1064.77,204.45,2.235,116.9,365,0.7227,1.3362,1.029,6.3984,1.0565,1.5056,123.11
2015/12/01,17425.03,2043.94,5007.41,18.21,124.43,3267.52,6242.32,19033.71,125.90625,149.04,157.92,1.0085,177.06,1.8275,-8.625,78.5559,37.04,1061.1,213.5,2.337,126.7,358.75,0.7286,1.3839,1.0021,6.4937,1.0862,1.4736,120.22
2016/01/01,16466.3,1940.24,4613.95,20.2,120.86,3045.09,6083.79,17518.3,129.578125,150.42,163.35,0.9554,212.91,1.7798,-12.75,81.8,33.62,1118.21,206.7,2.298,116.35,372,0.7084,1.3976,1.0231,6.576,1.0831,1.4244,121.14
2016/02/01,16516.5,1932.23,4557.95,20.55,117.68,2945.75,6097.09,16026.76,130.90625,152.16,166.58,0.7444,210.53,1.6803,-16.1875,88.52,33.75,1238.67,212.85,1.711,112.65,353.5,0.7141,1.354,0.9984,6.552,1.0873,1.3917,112.69
2016/03/01,17685.09,2059.74,4869.85,13.95,122.03,3004.93,6174.9,16758.67,130.390625,151.3,163.32,0.796,195.13,1.8343,-13.125,80.7,38.34,1232.75,218.3,1.959,127.45,351.5,0.7657,1.3004,0.9618,6.4536,1.138,1.436,112.57
2016/04/01,17773.64,2065.3,4775.36,15.7,126.49,3028.21,6241.89,16666.05,130.0625,151.49,161.88,0.797,179.67,1.8655,-11.875,82.1,45.92,1293.53,227.9,2.178,120.85,390.25,0.7603,1.2556,0.9599,6.478,1.1451,1.4612,106.5
2016/05/01,17787.2,2096.96,4948.06,14.19,127.7,3063.48,6230.79,17234.98,129.796875,152.03,163.97,0.6736,178.42,1.6693,-14.35,80.75,49.1,1215.32,209.55,2.288,121.55,404.75,0.7234,1.3093,0.9939,6.5854,1.1132,1.4483,110.73
2016/06/01,17929.99,2098.86,4842.67,15.63,140.58,2864.74,6504.33,15575.92,132.984375,152.92,167.12,0.6315,192.03,1.4873,-10.625,78.9,48.33,1321.9,219.45,2.924,144.1,358.75,0.7451,1.2924,0.976,6.648,1.1106,1.3311,103.2
2016/07/01,18432.24,2173.6,5162.13,11.87,128.25,2990.76,6724.43,16569.27,133.046875,152.6,167.81,0.4715,179.69,1.7499,-10.25,77.56,41.6,1351.28,222.15,2.876,146.2,334.5,0.7596,1.303,0.9695,6.635,1.1174,1.323,102.06
2016/08/01,18400.88,2170.95,5213.22,13.42,129.25,3023.13,6781.51,16887.4,131.875,151.41,167.38,0.3949,166,1.6856,-13.375,76.69,44.7,1308.97,206.95,2.887,145.9,301.5,0.7517,1.3105,0.9839,6.6793,1.1158,1.3138,103.43
2016/09/01,18308.15,2168.27,5312,13.29,124.58,3002.24,6899.33,16449.84,131.125,152.34,165.7,0.4428,184.56,1.7585,-14,74.62,48.24,1315.87,221.05,2.906,151.55,336.75,0.7664,1.3127,0.9714,6.6718,1.1235,1.2972,101.35
2016/10/01,18142.42,2126.15,5189.14,17.06,126.12,3055.25,6954.22,17425.02,129.625,151.71,162.17,0.604,178.45,1.892,-14.25,76.29,46.86,1277.21,220.5,3.026,164.15,354.75,0.7609,1.3409,0.989,6.7758,1.0981,1.2242,104.82
2016/11/01,19123.58,2198.81,5323.68,13.33,126.39,3051.61,6783.79,18308.48,125.234375,150.56,161.06,0.8946,162.91,2.1125,-16.8125,86.7,49.44,1173.2,262.15,3.352,147.5,336.75,0.7385,1.3437,1.0173,6.8894,1.0589,1.2506,114.46
2016/12/01,19762.6,2238.83,5383.12,14.04,127.26,3290.52,7142.83,19114.37,124.28125,150.24,164.15,0.8777,153.57,2.0424,-11,87.3632,53.72,1147.5,250.55,3.724,137.05,352,0.7208,1.3441,1.019,6.945,1.0517,1.234,116.96
2017/01/01,19864.09,2278.87,5614.79,11.99,138.08,3230.68,7099.15,19041.34,124.46875,149.88,162.13,0.8665,153.69,2.2286,-9,84.7,52.81,1210.72,272.75,3.117,149.55,359.75,0.7585,1.303,0.9892,6.884,1.0798,1.2579,112.8
2017/02/01,20812.24,2363.64,5825.44,12.92,131.98,3319.61,7263.44,19118.99,125.109375,150.58,166.05,0.7633,145.01,2.1223,-1.75,83.2,54.01,1248.44,270.4,2.774,140.7,366.75,0.7657,1.3301,1.0058,6.867,1.0576,1.238,112.77
2017/03/01,20663.22,2362.72,5911.74,12.37,138.31,3500.93,7322.92,18909.26,124.5625,150.28,161.42,0.7657,155.26,2.1167,-0.5,76.1641,50.6,1249.2,265.25,3.19,139.3,364.25,0.7629,1.3318,1.0026,6.8872,1.0652,1.255,111.39
2017/04/01,20940.51,2384.2,6047.61,10.82,146.98,3559.59,7203.94,19196.74,125.71875,151.02,161.78,0.6818,156.98,2.0996,-2.75,75.4,49.33,1268.28,259.65,3.276,131.05,358,0.7488,1.3653,0.9946,6.8935,1.0895,1.2951,111.49
2017/05/01,21008.65,2411.8,6198.52,10.41,125.11,3554.59,7519.95,19650.57,126.5625,150.67,162.32,0.6355,154.72,1.9453,-5.875,71.8839,48.32,1268.92,258,3.071,129.35,372,0.743,1.35,0.9678,6.818,1.1244,1.289,110.78
2017/06/01,21349.63,2423.41,6140.42,11.18,129.51,3441.88,7312.72,20033.43,125.53125,150.11,161.87,0.6627,140.63,1.859,-2.4375,72.2,46.04,1241.61,269.9,3.035,124.05,370.5,0.7689,1.2964,0.9579,6.7809,1.1426,1.3025,112.39
2017/07/01,21891.12,2470.3,6348.12,10.26,139.82,3449.36,7372,19925.18,125.890625,150.16,161.95,0.6495,138.58,2.0275,-4.625,69.2,50.17,1269.44,289.15,2.794,139.25,370.75,0.8003,1.248,0.9669,6.7266,1.1842,1.3215,110.26
2017/08/01,21948.1,2471.65,6428.66,10.59,134,3421.47,7430.62,19646.24,127.25,151.12,165.08,0.5315,147.3,1.9302,-5.1875,70.2,47.23,1321.43,307.9,3.04,128.15,342.25,0.7947,1.2482,0.9587,6.5901,1.191,1.293,109.98
2017/09/01,22405.09,2519.36,6495.96,9.51,137.75,3594.85,7372.76,20356.28,125.3125,150.35,161.01,0.5482,128.64,1.9513,-4.375,67.2,51.67,1279.75,295.5,3.007,128.05,355.25,0.7834,1.2472,0.9683,6.6528,1.1814,1.3398,112.51
2017/10/01,23377.24,2575.26,6727.67,10.18,131.81,3673.95,7493.08,22011.61,124.9375,150.47,162.75,0.5317,120.07,1.9627,-2.975,70.1662,54.38,1271.45,310.1,2.896,125.1,345.75,0.7656,1.2888,0.9976,6.635,1.1646,1.3283,113.64
2017/11/01,24272.35,2647.58,6873.97,11.28,128.9,3569.93,7326.67,22724.96,124.3125,150.93,162.72,0.4337,120.03,1.9115,-0.5,63.0491,57.4,1275.01,303.7,3.025,126.3,341.75,0.7566,1.2897,0.9836,6.6091,1.1904,1.3525,112.54
2017/12/01,24719.22,2673.61,6903.39,11.04,137.05,3503.96,7687.77,22764.94,124.046875,150.78,161.68,0.3232,104.46,1.9926,-1.25,59.9942,60.42,1302.8,330.05,2.953,126.2,350.75,0.7809,1.2571,0.9743,6.5068,1.2005,1.3513,112.69
2018/01/01,26149.39,2823.81,7411.48,13.54,121.23,3609.29,7533.55,23098.29,121.578125,150.32,158.82,0.4032,88.5,2.2101,2.875,69,64.73,1345.14,319.55,2.995,121.85,361.5,0.8055,1.2315,0.9313,6.2888,1.2414,1.4191,109.19
2018/02/01,25029.2,2713.83,7273.01,19.85,138.95,3438.96,7231.91,22068.24,120.65625,150.93,159.44,0.3437,97.94,2.1673,1.5,69.61,61.64,1318.31,310.75,2.667,121.05,374.5,0.7762,1.2831,0.9446,6.331,1.2194,1.376,106.68
2018/03/01,24103.11,2640.87,7063.45,19.97,119.34,3361.5,7056.61,21454.3,121.140625,150.77,159.43,0.195,103.11,2.0778,3.625,69,64.94,1325.48,302.55,2.733,118.15,387.75,0.7679,1.29,0.954,6.2755,1.2324,1.4015,106.28
2018/04/01,24163.15,2648.05,7066.27,15.93,130.77,3536.52,7509.3,22467.87,119.625,150.64,158.74,0.2371,99.69,2.2661,3.25,65.01,68.57,1315.39,305.25,2.763,120.65,392.5,0.753,1.2843,0.9909,6.3322,1.2078,1.3763,109.34
2018/05/01,24415.84,2705.27,7442.12,15.43,140.07,3406.65,7678.2,22201.82,120.734375,150.97,162.14,0.2168,99.14,2.122,5.25,69.45,67.04,1298.51,306.5,2.952,123.7,394,0.7568,1.2958,0.9858,6.4106,1.1693,1.3298,108.82
2018/06/01,24271.41,2718.37,7510.3,16.09,141.72,3395.6,7636.93,22304.51,120.1875,150.84,162.55,0.1412,106.99,2.1697,7.5,67.2,74.15,1252.6,295.1,2.924,111.5,350.25,0.7405,1.3133,0.9906,6.621,1.1684,1.3207,110.76
2018/07/01,25415.19,2816.29,7671.79,12.83,144.49,3525.49,7748.76,22553.72,119.421875,150.69,161.58,0.1466,93.02,2.2461,6.75,65.4504,68.76,1224.15,283.15,2.782,109.9,372.25,0.7424,1.3006,0.9903,6.8167,1.1691,1.3124,111.86
2018/08/01,25964.82,2901.52,8109.54,12.86,146.91,3392.9,7432.42,22865.15,120.390625,150.38,163.27,0.1061,104.96,2.175,7,65.5,69.8,1201.15,264.9,2.916,98.1,351,0.7189,1.304,0.9689,6.8315,1.1602,1.296,111.03
2018/09/01,26458.31,2913.98,8046.35,12.12,144.43,3399.2,7510.2,24120.04,118.78125,150.09,158.79,0.1309,92.88,2.222,5.75,63.83,73.25,1190.88,280.5,3.008,102.45,356.25,0.7224,1.2908,0.9817,6.8688,1.1604,1.3031,113.7
2018/10/01,25115.76,2711.74,7305.9,21.23,117.64,3197.51,7128.1,21920.46,118.4375,150.63,160.26,0.1401,112.65,2.1843,6.565,68.9533,65.31,1214.76,265.9,3.261,112.7,363.25,0.7073,1.3157,1.0085,6.9757,1.1312,1.2766,112.94
2018/11/01,25538.46,2760.17,7330.54,18.07,114.71,3173.13,6980.24,22351.06,119.546875,151.17,161.54,0.0718,123.21,2.1104,4.625,65.7,50.93,1220.52,277.75,4.612,103.25,366.5,0.7306,1.3292,0.9979,6.9605,1.1317,1.2749,113.57
2018/12/01,23327.46,2506.85,6635.28,25.42,117.8,3001.42,6728.13,20014.77,122.015625,152.48,163.54,0.0515,130.58,1.8413,2.75,69.8557,45.41,1282.49,263.1,2.94,101.85,375,0.7049,1.3637,0.9821,6.8785,1.1467,1.2754,109.69
2019/01/01,24999.67,2704.1,7281.74,16.57,126.53,3159.43,6968.85,20773.49,122.46875,152.69,165.67,0.0513,116.07,2.0289,2.75,60.8,53.79,1321.25,278.45,2.814,105.9,376.5,0.7273,1.3125,0.9942,6.6961,1.1448,1.3109,108.89
2019/02/01,25916,2784.49,7532.53,14.78,128.85,3298.26,7074.73,21385.16,121.75,152.74,165.31,0.1168,114.5,2.0479,1.125,59.4135,57.22,1313.32,295,2.812,95.2,362,0.7094,1.3172,0.9982,6.6941,1.1371,1.3263,111.39
2019/03/01,25928.68,2834.4,7729.32,13.71,120.96,3351.71,7279.19,21205.81,124.21875,153.28,166.34,0.0262,121.5,1.9589,0.25,58.69,60.14,1292.38,293.6,2.662,94.5,356.5,0.7096,1.3349,0.9952,6.7121,1.1218,1.3035,110.86
2019/04/01,26592.91,2945.83,8095.39,13.12,126.47,3514.62,7418.22,22258.73,123.671875,152.73,165.31,0.1086,120.82,2.0623,-1.25,56.325,63.91,1283.53,290.15,2.575,91.85,353.25,0.7048,1.3388,1.0193,6.7348,1.1215,1.3032,111.42
2019/05/01,24815.04,2752.06,7453.15,18.71,112.65,3280.43,7161.71,20601.19,126.375,153.2,168.34,0.1041,138.54,1.8951,-4.25,66.47,53.5,1305.58,264,2.454,104.6,427,0.6938,1.3516,1.0006,6.905,1.1169,1.2629,108.29
2019/06/01,26599.96,2941.76,8006.24,15.08,118.12,3473.69,7425.63,21275.92,127.96875,153.85,172.74,0.1589,124.49,1.8457,-4.25,63.62,58.47,1409.55,270.55,2.308,108.25,420.25,0.702,1.3095,0.9763,6.8668,1.1373,1.2696,107.85
2019/07/01,26864.27,2980.38,8175.42,16.12,121.71,3466.85,7586.78,21521.53,127.421875,153.8,175.07,0.0344,124.56,1.9934,-7,59.36,58.58,1413.78,266.6,2.233,99.65,400.25,0.6845,1.3191,0.994,6.8811,1.1076,1.2159,108.78
2019/08/01,26403.28,2926.46,7962.88,18.98,115.37,3426.76,7207.18,20704.37,131.046875,155.2,179.1,-0.1325,135.39,1.715,-11.625,71.92,55.1,1520.38,253.3,2.285,93.6,358,0.6733,1.3311,0.9904,7.1565,1.0982,1.2156,106.28
2019/09/01,26916.83,2976.74,7999.34,16.24,117.67,3569.45,7408.21,21755.84,130.3125,155.02,174.25,-0.0689,134.54,1.6953,-10.25,69.36,54.07,1472.49,257.85,2.33,101.15,388,0.675,1.3241,0.9977,7.1483,1.0899,1.2289,108.08
2019/10/01,27046.23,3037.56,8292.36,13.22,130.71,3604.41,7248.38,22927.04,130.296875,153.95,171.76,0.0505,129.9,1.6529,-8.975,66.47,54.18,1512.99,263.8,2.633,101.95,390,0.6894,1.3164,0.9864,7.0391,1.1152,1.2942,108.03
2019/11/01,28051.41,3140.98,8665.47,12.62,129.83,3703.58,7346.53,23293.91,129.296875,153.16,171.07,0.0821,117.42,1.7044,-7,66.9629,55.17,1463.98,264.2,2.281,118.55,371.25,0.6763,1.3282,1.0002,7.0325,1.1018,1.2925,109.49
2019/12/01,28538.44,3230.78,8972.6,13.78,139.52,3745.15,7542.44,23656.62,128.421875,152.18,170.49,0.1975,112.25,1.8389,-2.4375,64.3274,61.06,1517.27,279.7,2.189,129.7,387.75,0.7021,1.299,0.9666,6.9632,1.1213,1.3257,108.61
2020/01/01,28256.03,3225.52,9150.94,18.84,135.73,3640.91,7286.01,23205.18,131.65625,152.86,175.04,0.0742,131.32,1.7541,-5.5,67.43,51.56,1589.16,251.7,1.841,102.65,381.25,0.6692,1.3237,0.9634,6.9109,1.1093,1.3206,108.35
2020/02/01,25409.36,2954.22,8567.37,40.11,115.74,3329.49,6580.61,21142.96,134.84375,154.07,177.46,0.1325,155.14,1.5198,-3.25,70.74,44.76,1585.69,254.6,1.684,110.1,366.5,0.6515,1.3407,0.9649,6.992,1.1026,1.2823,107.89
2020/03/01,21917.16,2584.59,7700.1,53.54,125.49,2786.9,5671.96,18917.01,138.6875,152.57,172.51,0.2258,206.05,1.3705,4.5,74.308,20.48,1577.18,222.8,1.64,119.55,340.75,0.6131,1.4062,0.9611,7.0822,1.1031,1.242,107.54
2020/04/01,24345.72,2912.43,8889.55,34.15,130.38,2927.93,5901.21,20193.69,139.0625,152.79,174.43,0.3249,174.07,1.4621,0.5,62.7015,18.84,1686.5,235.4,1.949,104.65,311.5,0.6512,1.3945,0.9653,7.0632,1.0955,1.2594,107.18
2020/05/01,25383.11,3044.31,9489.87,27.51,131.72,3050.2,6076.6,21877.89,139.375,152.2,172.46,0.3993,175.74,1.4401,-0.25,63.29,35.49,1730.27,242.55,1.849,96.3,325.75,0.6667,1.378,0.9616,7.1364,1.1101,1.2343,107.83
2020/06/01,25812.88,3100.29,10058.77,30.43,148.27,3234.07,6169.74,22288.14,139.171875,151.95,176.52,0.4139,168.39,1.5036,-1.7595,65.9042,39.27,1780.96,271.35,1.751,100.05,338.5,0.6903,1.3576,0.9473,7.0654,1.1234,1.2401,107.93
2020/07/01,26428.32,3271.12,10745.27,24.46,141.56,3174.32,5897.76,21710,140.078125,152.37,177.52,0.3426,150.18,1.702,-0.75,60.8191,40.27,1975.86,286.8,1.799,118.95,316,0.7143,1.3412,0.9129,6.9752,1.1778,1.3085,105.83
2020/08/01,28430.05,3500.31,11775.46,26.41,144.67,3272.51,5963.57,23139.76,139.40625,151.59,175.56,0.4879,171.52,1.8904,0.5,62.7576,42.61,1967.8,304.1,2.63,129.8,348.5,0.7376,1.3047,0.9037,6.8485,1.1936,1.337,105.91
2020/09/01,27781.7,3363,11167.51,26.37,120.94,3193.61,5866.1,23185.12,139.53125,152.11,174.52,0.4898,163.6,1.7386,2.5,61.93,40.22,1885.82,303.25,2.527,110.95,379,0.7162,1.3319,0.9209,6.791,1.1721,1.292,105.48
2020/10/01,26501.6,3269.96,10911.59,38.02,129.01,2958.21,5577.27,22977.13,138.21875,151.88,176.15,0.6575,151.63,1.8217,2,62.374,35.79,1878.81,304.75,3.354,104.4,398.5,0.7028,1.3321,0.917,6.6915,1.1647,1.2947,104.66
2020/11/01,29638.64,3621.63,12198.74,20.57,133.95,3492.54,6266.19,26433.62,138.53125,152.03,175.25,0.6126,136.11,1.8498,0.4,56.93,45.34,1776.95,342.05,2.882,120.7,419.75,0.7344,1.3001,0.9089,6.5789,1.1927,1.3323,104.31
2020/12/01,30606.48,3756.07,12888.28,22.75,147.83,3552.64,6460.52,27444.17,138.078125,151.92,177.64,0.7275,131.68,1.973,0.75,61.0568,48.52,1898.36,351.9,2.539,128.25,484,0.7694,1.2725,0.8852,6.5272,1.2216,1.367,103.25
2021/01/01,29982.62,3714.24,13070.69,33.09,134.3,3481.44,6407.46,27663.39,137.03125,151.82,177.25,0.9229,144.45,2.0936,4.25,62.9482,52.2,1847.65,355.6,2.564,122.95,547,0.7644,1.2777,0.8903,6.4283,1.2136,1.3708,104.68
2021/02/01,30932.37,3811.15,13192.35,27.95,136.23,3636.44,6483.43,28966.01,133.796875,150.62,173.4,1.2343,145.51,1.9533,6.275,74.87,61.5,1734.04,409.45,2.771,136.85,555.5,0.7706,1.2738,0.9085,6.4737,1.2075,1.3933,106.57
2021/03/01,32981.55,3972.89,13246.87,19.4,140.93,3919.21,6713.63,29178.8,130.9375,151.16,171.28,1.4902,129.96,2.2699,3.9,81.22,59.16,1707.71,399.55,2.608,123.5,564.25,0.7598,1.2562,0.9436,6.5528,1.173,1.3783,110.72
2021/04/01,33874.85,4181.17,13962.68,18.61,146.32,3974.74,6969.81,28812.63,132.03125,151.34,170,1.3505,131.41,2.2541,0.075,76.7,63.58,1769.13,447.9,2.931,139.95,740,0.7716,1.2287,0.9131,6.4749,1.202,1.3822,109.31
2021/05/01,34529.45,4204.11,13748.74,16.76,155.31,4039.46,7022.61,28860.08,132.859375,151.46,169.94,1.336,130.57,2.3056,-3.125,74.1,66.32,1906.87,467.75,2.986,162.35,656.75,0.7734,1.2064,0.8989,6.3701,1.2227,1.4212,109.58
2021/06/01,34502.51,4297.5,14503.95,15.83,161.85,4064.3,7037.47,28791.53,132.5,151.69,172.61,1.1142,116.2,2.1825,-2.6875,69.5,73.47,1770.11,429.65,3.65,159.35,720,0.7498,1.2398,0.925,6.4571,1.1858,1.3831,111.11
2021/07/01,34935.47,4395.26,14672.68,18.24,153.71,4089.3,7032.3,27283.59,134.453125,152.3,176.57,0.9904,128.77,2.273,2.75,70.6,73.95,1814.19,448.25,3.914,179.55,547,0.7344,1.2475,0.9059,6.4614,1.187,1.3904,109.72
2021/08/01,35360.73,4522.68,15259.24,16.48,155.91,4196.41,7119.7,28089.54,134.046875,152.16,175.45,1.0255,123.12,2.188,1.625,70.7,68.5,1813.62,436,4.377,193.45,534,0.7316,1.2616,0.9151,6.4607,1.1809,1.3755,110.02
2021/09/01,33843.92,4307.54,14448.58,23.14,135.55,4048.08,7086.42,29452.66,131.609375,151.37,169.82,1.1267,121.27,2.235,1.9375,74,75.03,1756.95,408.9,5.867,194,536.75,0.7227,1.268,0.9317,6.4448,1.158,1.3474,111.29
2021/10/01,35819.56,4605.38,15498.39,16.26,148.09,4250.56,7237.57,28892.69,130.703125,151.32,168.12,0.869,103.79,2.1897,0.6875,77.7,83.57,1783.38,436.8,5.426,203.95,568.25,0.7518,1.2388,0.9161,6.4056,1.1558,1.3682,113.95
2021/11/01,34483.72,4567,15537.69,27.19,150.55,4063.06,7059.45,27821.76,131.546875,151.94,172.37,0.7177,112.57,2.2156,7.4375,82,66.18,1774.52,427.8,4.567,233.25,567,0.7127,1.2779,0.9189,6.3645,1.1338,1.3299,113.17
2021/12/01,36338.3,4766.18,15644.97,17.22,154.38,4298.41,7384.54,28791.71,130.46875,151.59,171.37,0.6397,114.99,2.2692,6.5625,75.4,75.21,1829.2,446.35,3.73,226.1,593.25,0.7263,1.2637,0.9129,6.3561,1.137,1.3532,115.08
2022/01/01,35131.86,4515.55,14239.88,24.83,131.44,4174.6,7464.37,27001.98,127.96875,150.72,169.11,0.5135,128.33,2.1799,6.61,81.9,88.15,1797.17,432.45,4.874,235.1,626,0.7067,1.2708,0.9272,6.3612,1.1235,1.3447,115.11
2022/02/01,33892.6,4373.94,13751.4,30.15,137.36,3924.23,7458.25,26526.82,127.453125,150.5,167.04,0.3128,143.5,2.2242,9.125,88.4,95.72,1908.99,444.45,4.402,234.25,697.5,0.7263,1.2675,0.9168,6.3093,1.1219,1.342,115
2022/03/01,34678.35,4530.41,14220.52,20.56,140.73,3902.52,7515.68,27821.43,122.875,149.7,158.66,-0.1469,104.2,2.3807,6.565,100.2,100.28,1937.44,475.1,5.642,226.4,748.75,0.7482,1.2505,0.9225,6.34,1.1067,1.3138,121.7
2022/04/01,32977.21,4131.93,12334.64,33.4,136.69,3802.86,7544.55,26847.9,119.15625,149.62,153.59,-0.0228,107.64,2.492,8.5,113,104.69,1896.93,439.5,7.244,222.55,818.25,0.7061,1.2848,0.9718,6.6085,1.0545,1.2574,129.7
2022/05/01,32990.12,4132.15,12081.39,26.19,119.1,3789.21,7607.66,27279.8,119.84375,149.65,151.57,0.036,115.59,2.3154,8.375,98.8,114.67,1837.35,429.6,8.145,231.25,753.5,0.7177,1.2647,0.9595,6.6718,1.0734,1.2602,128.67
2022/06/01,30775.43,3785.38,11028.74,28.71,119.94,3454.86,7169.28,26393.04,118.53125,148.61,148.78,-0.1822,117.71,2.0313,7.88,107.1,105.76,1807.27,371.45,5.424,233.6,743.75,0.6903,1.2873,0.9551,6.6993,1.0484,1.2178,135.72
2022/07/01,32845.13,4130.29,12390.69,21.33,122.29,3708.1,7423.43,27801.64,121.140625,150.51,157.64,-0.4269,120.13,2.3971,7.415,99.3,98.62,1765.94,357.35,8.229,217.2,616.25,0.6985,1.2795,0.9524,6.7445,1.022,1.2171,133.27
2022/08/01,31510.43,3955,11816.2,25.87,119.71,3517.25,7284.15,28091.53,116.875,149.53,147.97,-0.5675,107.74,2.3254,8.625,112.5,89.55,1711.04,351.85,9.127,239.1,673.75,0.6842,1.313,0.9775,6.8904,1.0054,1.1622,138.96
2022/09/01,28725.51,3585.62,10575.62,31.62,123.59,3318.2,6893.81,25937.21,112.0625,148.3,138.49,-0.669,108.14,2.117,4.5582,127.4,79.49,1660.61,341.25,6.766,221.55,677.5,0.64,1.3829,0.987,7.1159,0.9802,1.117,144.74
2022/10/01,32732.95,3871.98,10988.15,25.88,111.96,3617.54,7094.53,27587.46,110.59375,148.77,138.44,-0.765,111.77,2.3192,4.165,129.2,86.53,1633.52,337.5,6.355,177.7,691.5,0.6395,1.3625,1.0012,7.305,0.9884,1.1469,148.73